{
  "theme": "demo",
  "pages": [
    "index",
    "thank-you",
    "testimonials",
    "page-single",
    "loyalty",
    "landing-page",
    "cart",
    "product/single",
    "product/index",
    "partials/loading-screen-assets",
    "partials/product/reservations",
    "partials/product/options",
    "layouts/master",
    "layouts/default",
    "layouts/customer",
    "customer/wishlist",
    "customer/wallet",
    "customer/profile",
    "customer/notifications",
    "customer/orders/single",
    "customer/orders/index",
    "brands/single",
    "brands/index",
    "blog/single",
    "blog/index"
  ],
  "port": 3000,
  "url": "http://localhost:3000/",
  "status": "ready",
  "timestamp": "2025-11-09T13:03:52.782Z"
}
