{
  "errors": [],
  "warnings": [
    {
      "type": "icon-missing",
      "expected": "assets/icon.png"
    },
    {
      "type": "icon-size-missing",
      "size": "64.png",
      "dir": "assets/icons"
    },
    {
      "type": "icon-size-missing",
      "size": "128.png",
      "dir": "assets/icons"
    },
    {
      "type": "icon-size-missing",
      "size": "256.png",
      "dir": "assets/icons"
    },
    {
      "type": "fonts-dir-missing",
      "dir": "assets/fonts"
    }
  ],
  "checks": {
    "icon": false,
    "fontsDir": false
  }
}
