{
  "status": "warn",
  "issues": [
    {
      "level": "warning",
      "type": "missing-extends",
      "file": "pages/thank-you.twig"
    },
    {
      "level": "warning",
      "type": "missing-extends",
      "file": "pages/testimonials.twig"
    },
    {
      "level": "warning",
      "type": "missing-extends",
      "file": "pages/page-single.twig"
    },
    {
      "level": "warning",
      "type": "missing-extends",
      "file": "pages/loyalty.twig"
    },
    {
      "level": "warning",
      "type": "missing-extends",
      "file": "pages/landing-page.twig"
    },
    {
      "level": "warning",
      "type": "missing-extends",
      "file": "pages/cart.twig"
    },
    {
      "level": "warning",
      "type": "missing-extends",
      "file": "pages/product\\single.twig"
    },
    {
      "level": "warning",
      "type": "missing-extends",
      "file": "pages/product\\index.twig"
    },
    {
      "level": "warning",
      "type": "missing-extends",
      "file": "pages/layouts\\master.twig"
    },
    {
      "level": "warning",
      "type": "missing-extends",
      "file": "pages/layouts\\default.twig"
    },
    {
      "level": "warning",
      "type": "missing-extends",
      "file": "pages/layouts\\customer.twig"
    },
    {
      "level": "warning",
      "type": "missing-extends",
      "file": "pages/partials\\loading-screen-assets.twig"
    },
    {
      "level": "warning",
      "type": "missing-content-block",
      "file": "pages/partials\\loading-screen-assets.twig"
    },
    {
      "level": "warning",
      "type": "missing-extends",
      "file": "pages/blog\\single.twig"
    },
    {
      "level": "warning",
      "type": "missing-extends",
      "file": "pages/blog\\index.twig"
    },
    {
      "level": "warning",
      "type": "missing-extends",
      "file": "pages/customer\\wishlist.twig"
    },
    {
      "level": "warning",
      "type": "missing-content-block",
      "file": "pages/customer\\wishlist.twig"
    },
    {
      "level": "warning",
      "type": "missing-extends",
      "file": "pages/customer\\wallet.twig"
    },
    {
      "level": "warning",
      "type": "missing-content-block",
      "file": "pages/customer\\wallet.twig"
    },
    {
      "level": "warning",
      "type": "missing-extends",
      "file": "pages/customer\\profile.twig"
    },
    {
      "level": "warning",
      "type": "missing-content-block",
      "file": "pages/customer\\profile.twig"
    },
    {
      "level": "warning",
      "type": "missing-extends",
      "file": "pages/customer\\notifications.twig"
    },
    {
      "level": "warning",
      "type": "missing-content-block",
      "file": "pages/customer\\notifications.twig"
    },
    {
      "level": "warning",
      "type": "missing-extends",
      "file": "pages/brands\\single.twig"
    },
    {
      "level": "warning",
      "type": "missing-extends",
      "file": "pages/brands\\index.twig"
    },
    {
      "level": "warning",
      "type": "missing-extends",
      "file": "pages/partials\\product\\reservations.twig"
    },
    {
      "level": "warning",
      "type": "missing-content-block",
      "file": "pages/partials\\product\\reservations.twig"
    },
    {
      "level": "warning",
      "type": "missing-extends",
      "file": "pages/partials\\product\\options.twig"
    },
    {
      "level": "warning",
      "type": "missing-content-block",
      "file": "pages/partials\\product\\options.twig"
    },
    {
      "level": "warning",
      "type": "missing-extends",
      "file": "pages/customer\\orders\\single.twig"
    },
    {
      "level": "warning",
      "type": "missing-content-block",
      "file": "pages/customer\\orders\\single.twig"
    },
    {
      "level": "warning",
      "type": "missing-extends",
      "file": "pages/customer\\orders\\index.twig"
    },
    {
      "level": "warning",
      "type": "missing-content-block",
      "file": "pages/customer\\orders\\index.twig"
    },
    {
      "level": "warning",
      "type": "required-missing",
      "file": "pages/product.twig"
    },
    {
      "level": "warning",
      "type": "required-missing",
      "file": "pages/category.twig"
    },
    {
      "level": "warning",
      "type": "required-missing",
      "file": "pages/search.twig"
    }
  ],
  "stats": {
    "pages": 25
  }
}
